{"name":"13c25cdf-dcf4-4ae7-bba4-38b5196f2222","id":"/providers/Microsoft.Flow/flows/13c25cdf-dcf4-4ae7-bba4-38b5196f2222","type":"Microsoft.Flow/flows","properties":{"apiId":"/providers/Microsoft.PowerApps/apis/shared_logicflows","displayName":"Document Approval: File Upload and Data V1","definition":{"metadata":{"workflowEntityId":null,"processAdvisorMetadata":null,"flowChargedByPaygo":null,"flowclientsuspensionreason":"None","flowclientsuspensiontime":null,"flowclientsuspensionreasondetails":"","creator":{"id":"851c6e6c-b9aa-444c-8693-6cfaff790b3f","type":"User","tenantId":"fa4bc6e2-c0ed-43ec-9d6d-145e7e36a1a5"},"provisioningMethod":"FromDefinition","failureAlertSubscription":true,"clientLastModifiedTime":"2024-11-11T01:13:19.7184007Z","connectionKeySavedTimeKey":"2024-11-11T00:26:36.2926266Z"},"$schema":"https://schema.management.azure.com/providers/Microsoft.Logic/schemas/2016-06-01/workflowdefinition.json#","contentVersion":"1.0.0.0","parameters":{"$connections":{"defaultValue":{},"type":"Object"},"$authentication":{"defaultValue":{},"type":"SecureObject"}},"triggers":{"When_a_new_response_is_submitted":{"splitOn":"@triggerOutputs()?['body/value']","metadata":{"operationMetadataId":"6945aaac-0c51-4311-b4a2-8e0a89043db8"},"type":"OpenApiConnectionWebhook","inputs":{"host":{"apiId":"/providers/Microsoft.PowerApps/apis/shared_microsoftforms","connectionName":"shared_microsoftforms","operationId":"CreateFormWebhook"},"parameters":{"form_id":"4sZL-u3A7EOdbRRefjahpWxuHIWquUxEhpNs-v95Cz9UNzZOUlhOME5KSEZDUEpLSEZQTEJKWkdJNi4u"},"authentication":"@parameters('$authentication')"}}},"actions":{"Get_response_details":{"runAfter":{},"metadata":{"operationMetadataId":"8d3436d0-52dd-4946-84c1-415cf4847fb2"},"type":"OpenApiConnection","inputs":{"host":{"apiId":"/providers/Microsoft.PowerApps/apis/shared_microsoftforms","connectionName":"shared_microsoftforms","operationId":"GetFormResponseById"},"parameters":{"form_id":"4sZL-u3A7EOdbRRefjahpWxuHIWquUxEhpNs-v95Cz9UNzZOUlhOME5KSEZDUEpLSEZQTEJKWkdJNi4u","response_id":"@triggerOutputs()?['body/resourceData/responseId']"},"authentication":"@parameters('$authentication')"}},"Join":{"runAfter":{"Create_new_folder":["Succeeded"]},"metadata":{"operationMetadataId":"3f3db92e-a082-4d51-8a89-d1ed2d112405"},"type":"Join","inputs":{"from":"@json(outputs('Get_response_details')?['body/r980c08a5128b4ebe81aa9da32278f370'])","joinWith":";"}},"Condition":{"actions":{"Update_item_2":{"runAfter":{},"metadata":{"operationMetadataId":"c08279c0-db23-4a03-8941-0ae39d220c45"},"type":"OpenApiConnection","inputs":{"host":{"apiId":"/providers/Microsoft.PowerApps/apis/shared_sharepointonline","connectionName":"shared_sharepointonline_1","operationId":"PatchItem"},"parameters":{"dataset":"https://downergroup.sharepoint.com/sites/QTMPDataDigitalisation","table":"e22bf274-8df7-4e45-a89b-ab55afdf6944","id":"@outputs('Create_item')?['body/ID']","item/Org/Value":"Downer and HRC"},"authentication":"@parameters('$authentication')"}}},"runAfter":{"Create_item":["Succeeded"]},"else":{"actions":{"Update_item_3":{"runAfter":{},"metadata":{"operationMetadataId":"8e960414-8250-4357-919a-9c597c6c0203"},"type":"OpenApiConnection","inputs":{"host":{"apiId":"/providers/Microsoft.PowerApps/apis/shared_sharepointonline","connectionName":"shared_sharepointonline_1","operationId":"PatchItem"},"parameters":{"dataset":"https://downergroup.sharepoint.com/sites/QTMPDataDigitalisation","table":"e22bf274-8df7-4e45-a89b-ab55afdf6944","id":"@outputs('Create_item')?['body/ID']","item/Org/Value":"Downer"},"authentication":"@parameters('$authentication')"}}}},"expression":{"contains":["@outputs('Get_response_details')?['body/r6e6fad919203444d8abafe648d95c406']","Yes "]},"metadata":{"operationMetadataId":"31d9523a-1086-4e10-a67c-a75a9cb147f3"},"type":"If"},"Apply_to_each_attachment":{"foreach":"@json(outputs('Get_response_details')?['body/r17391cfe3a23498d81ec04d777fa1951'])","actions":{"Get_file_content":{"runAfter":{},"metadata":{"operationMetadataId":"6f4fd4ed-ff5c-4b48-b4ea-21164f8fe2e2"},"type":"OpenApiConnection","inputs":{"host":{"apiId":"/providers/Microsoft.PowerApps/apis/shared_onedriveforbusiness","connectionName":"shared_onedriveforbusiness","operationId":"GetFileContent"},"parameters":{"id":"@item()?['id']","inferContentType":true},"authentication":"@parameters('$authentication')"}},"Add_attachment":{"runAfter":{"Get_file_content":["Succeeded"]},"metadata":{"operationMetadataId":"2db1791b-6e48-42c3-b7a7-4b0d9e2c7cfc"},"type":"OpenApiConnection","inputs":{"host":{"apiId":"/providers/Microsoft.PowerApps/apis/shared_sharepointonline","connectionName":"shared_sharepointonline_1","operationId":"CreateAttachment"},"parameters":{"dataset":"https://downergroup.sharepoint.com/sites/QTMPDataDigitalisation","table":"e22bf274-8df7-4e45-a89b-ab55afdf6944","itemId":"@outputs('Create_item')?['body/ID']","displayName":"@item()?['name']","body":"@body('Get_file_content')"},"authentication":"@parameters('$authentication')"}},"Create_file":{"runAfter":{"Add_attachment":["Succeeded"]},"metadata":{"operationMetadataId":"692162fb-52ae-4d59-af2a-e3c305c0f10d"},"type":"OpenApiConnection","inputs":{"host":{"apiId":"/providers/Microsoft.PowerApps/apis/shared_sharepointonline","connectionName":"shared_sharepointonline_1","operationId":"CreateFile"},"parameters":{"dataset":"https://downergroup.sharepoint.com/sites/QTMPDataDigitalisation","folderPath":"@outputs('Create_new_folder')?['body/{FullPath}']","name":"@item()?['name']","body":"@body('Get_file_content')"},"authentication":"@parameters('$authentication')"},"runtimeConfiguration":{"contentTransfer":{"transferMode":"Chunked"}}}},"runAfter":{"Condition":["Succeeded"]},"metadata":{"operationMetadataId":"76810047-7769-4b8a-8932-e2fa5ff7df61"},"type":"Foreach"},"Create_item":{"runAfter":{"Join":["Succeeded"]},"metadata":{"operationMetadataId":"aa015f60-06aa-4981-b5f3-e316dfbfe4b2"},"type":"OpenApiConnection","inputs":{"host":{"apiId":"/providers/Microsoft.PowerApps/apis/shared_sharepointonline","connectionName":"shared_sharepointonline_1","operationId":"PostItem"},"parameters":{"dataset":"https://downergroup.sharepoint.com/sites/QTMPDataDigitalisation","table":"e22bf274-8df7-4e45-a89b-ab55afdf6944","item/Title":"@body('Get_response_details')?['rbd3642f532364ff6bbf3ec945326ce4b']","item/Status/Value":"Waiting Approval","item/Description":"@{body('Get_response_details')?['r49b30a520e8d4ebba3c964e5844ef27c']} @{body('Get_response_details')?['r61cda1df6931420fa36eac2b18ff1834']}","item/ApprovalID":"@outputs('Get_response_details')?['body/rb3795fc4c832443783e6229882c3f265']","item/GroupsRequired":"@body('Join')","item/Email":"@outputs('Get_response_details')?['body/responder']","item/ProductionControl":"@contains(outputs('Get_response_details')?['body/r980c08a5128b4ebe81aa9da32278f370'],'Production Control')","item/Production":"@contains(outputs('Get_response_details')?['body/r980c08a5128b4ebe81aa9da32278f370'],'Production')","item/QMS":"@contains(outputs('Get_response_details')?['body/r980c08a5128b4ebe81aa9da32278f370'],'Quality Management System')","item/QA":"@contains(outputs('Get_response_details')?['body/r980c08a5128b4ebe81aa9da32278f370'],'Quality Assurance')"},"authentication":"@parameters('$authentication')"}},"Create_new_folder":{"runAfter":{"Condition_2":["Succeeded"]},"metadata":{"operationMetadataId":"28c88bb4-c52b-4429-b464-b7da733e2f63"},"type":"OpenApiConnection","inputs":{"host":{"apiId":"/providers/Microsoft.PowerApps/apis/shared_sharepointonline","connectionName":"shared_sharepointonline_1","operationId":"CreateNewFolder"},"parameters":{"dataset":"https://downergroup.sharepoint.com/sites/QTMPDataDigitalisation","table":"29b8acec-068a-46f9-a918-ba44d3eb1041","parameters/path":"/Waiting Approval/@{outputs('Add_a_row_into_a_table')?['body/Your First Name']}_@{outputs('Add_a_row_into_a_table')?['body/Your Last Name']}_@{outputs('Add_a_row_into_a_table')?['body/Please enter your QTMP Document Approval ID']}"},"authentication":"@parameters('$authentication')"}},"Add_a_row_into_a_table":{"runAfter":{"Convert_time_zone":["Succeeded"]},"metadata":{"016GGYOKYHORPCDKCXTVAIZRAYCNQ2U7MU":"/General/002 - Form Files/Document Approval request form.xlsx","operationMetadataId":"7c3a13cf-acd3-4faf-a5ff-ac9c112b3841","tableId":"{39E7F35C-B350-4486-9079-562E9C25D7C1}"},"type":"OpenApiConnection","inputs":{"host":{"apiId":"/providers/Microsoft.PowerApps/apis/shared_excelonlinebusiness","connectionName":"shared_excelonlinebusiness","operationId":"AddRowV2"},"parameters":{"source":"groups/df0bbd98-c8f3-4372-ba04-80a266a9b571","drive":"b!8iBM1t6p1UCA4i0Cs1hiyE07PrbqQ7BIryhurr0BPYg0fSQfyYMkTpuGHTYW4C-7","file":"016GGYOKYHORPCDKCXTVAIZRAYCNQ2U7MU","table":"{39E7F35C-B350-4486-9079-562E9C25D7C1}","item/ID":"@triggerOutputs()?['body/resourceData/responseId']","item/Start Time":"@body('Convert_time_zone')","item/Your First Name":"@outputs('Get_response_details')?['body/r49b30a520e8d4ebba3c964e5844ef27c']","item/Your Last Name":"@outputs('Get_response_details')?['body/r61cda1df6931420fa36eac2b18ff1834']","item/Your Email Address":"@outputs('Get_response_details')?['body/r9168f1375c6a471796e76d43a791a97e']","item/What is the name of the form and~1or procedure":"@outputs('Get_response_details')?['body/rbd3642f532364ff6bbf3ec945326ce4b']","item/Please enter your QTMP Document Approval ID":"@outputs('Get_response_details')?['body/rb3795fc4c832443783e6229882c3f265']","item/Do these documents need UpStream Communication or HRC Sign-off?_x003a_ Yes - Downer and HRC Approval":"@contains(outputs('Get_response_details')?['body/r980c08a5128b4ebe81aa9da32278f370'], 'Yes - Downer and HRC Approval')","item/Do these documents need UpStream Communication or HRC Sign-off?_x003a_ No - Downer Only Approval":"@contains(outputs('Get_response_details')?['body/r980c08a5128b4ebe81aa9da32278f370'], 'No - Downer Only Approval')","item/Which group requires sign off?_x003a_ Quality Management System":"@contains(outputs('Get_response_details')?['body/r980c08a5128b4ebe81aa9da32278f370'], 'Quality Management System')","item/Which group requires sign off?_x003a_ Project Management":"@contains(outputs('Get_response_details')?['body/r980c08a5128b4ebe81aa9da32278f370'], 'Project Management')","item/Which group requires sign off?_x003a_ Finance":"@contains(outputs('Get_response_details')?['body/r980c08a5128b4ebe81aa9da32278f370'], 'Finance')","item/Which group requires sign off?_x003a_ Commercial":"@contains(outputs('Get_response_details')?['body/r980c08a5128b4ebe81aa9da32278f370'], 'Commercial')","item/Which group requires sign off?_x003a_ Zero Harm~1HSE":"@contains(outputs('Get_response_details')?['body/r980c08a5128b4ebe81aa9da32278f370'], 'Zero Harm/HSE')","item/Which group requires sign off?_x003a_ Documentation Control":"@contains(outputs('Get_response_details')?['body/r980c08a5128b4ebe81aa9da32278f370'], 'Documentation Control')","item/Which group requires sign off?_x003a_ Quality Assurance":"@contains(outputs('Get_response_details')?['body/r980c08a5128b4ebe81aa9da32278f370'], 'Quality Assurance')","item/Which group requires sign off?_x003a_ Operations":"@contains(outputs('Get_response_details')?['body/r980c08a5128b4ebe81aa9da32278f370'], 'Operations')","item/Which group requires sign off?_x003a_ Engineering":"@contains(outputs('Get_response_details')?['body/r980c08a5128b4ebe81aa9da32278f370'], 'Engineering')","item/Which group requires sign off?_x003a_ Procurement":"@contains(outputs('Get_response_details')?['body/r980c08a5128b4ebe81aa9da32278f370'], 'Procurement')","item/Which group requires sign off?_x003a_ Industrailisation":"@contains(outputs('Get_response_details')?['body/r980c08a5128b4ebe81aa9da32278f370'], 'Industrialisation')","item/Which group requires sign off?_x003a_ System and ICT":"@contains(outputs('Get_response_details')?['body/r980c08a5128b4ebe81aa9da32278f370'], 'System and ICT')","item/Which group requires sign off?_x003a_ Production":"@contains(outputs('Get_response_details')?['body/r980c08a5128b4ebe81aa9da32278f370'], 'Production')","item/Which group requires sign off?_x003a_ Production Control":"@contains(outputs('Get_response_details')?['body/r980c08a5128b4ebe81aa9da32278f370'], 'Prod. Control')","item/Which group requires sign off?_x003a_ Test & Commissioning":"@contains(outputs('Get_response_details')?['body/r980c08a5128b4ebe81aa9da32278f370'], 'Test & Commissioning')","item/Which group requires sign off?_x003a_ People & Culture":"@contains(outputs('Get_response_details')?['body/r980c08a5128b4ebe81aa9da32278f370'], 'People & Culture')"},"authentication":"@parameters('$authentication')"}},"Convert_time_zone":{"runAfter":{"Get_response_details":["Succeeded"]},"metadata":{"operationMetadataId":"4a532f15-5b8d-4656-a7fb-e1778410ef46"},"type":"Expression","kind":"ConvertTimeZone","inputs":{"baseTime":"@outputs('Get_response_details')?['body/submitDate']","formatString":"dd/MM/yyyy HH:mm","sourceTimeZone":"UTC","destinationTimeZone":"E. Australia Standard Time"}},"Condition_2":{"actions":{"Send_an_email_(V2)":{"runAfter":{},"metadata":{"operationMetadataId":"065815f9-bb43-4af8-a128-7ecc311ba7b3"},"type":"OpenApiConnection","inputs":{"host":{"apiId":"/providers/Microsoft.PowerApps/apis/shared_office365","connectionName":"shared_office365","operationId":"SendEmailV2"},"parameters":{"emailMessage/To":"@outputs('Get_response_details')?['body/r9168f1375c6a471796e76d43a791a97e']","emailMessage/Subject":"QTMP Document Approval - Invalid Approval ID","emailMessage/Body":"<p>Hi,<br>\n<br>\nYour Approval ID @{outputs('Add_a_row_into_a_table')?['body/Please enter your QTMP Document Approval ID']} has failed validation, it was not found in the Approval ID register.<br>\n<br>\nPlease double check your entered approval ID.<br>\n<br>\nIf you need a new number, please follow the link to request a new ID - https://forms.office.com/r/RbXHdSyWDX<br>\n<br>\nIf you need support, please contact kingsley.moore@downergroup.com<br>\n<br>\nRegards,<br>\nQTMP Data Digitalisation Team</p>","emailMessage/Importance":"Normal"},"authentication":"@parameters('$authentication')"}},"Terminate":{"runAfter":{"Send_an_email_(V2)":["Succeeded"]},"metadata":{"operationMetadataId":"71af4b41-7fca-4b56-b814-4aef6d152ac0"},"type":"Terminate","inputs":{"runStatus":"Failed","runError":{"code":"Invaild Approval ID","message":"Invaild Approval ID"}}}},"runAfter":{"Condition_3":["Succeeded"]},"expression":{"equals":["@outputs('Add_a_row_into_a_table')?['body/ID Validation']","FAIL"]},"metadata":{"operationMetadataId":"68dc3481-2132-48cb-bb07-58219ad6b2cc"},"type":"If"},"Condition_3":{"actions":{"Send_an_email_(V2)_2":{"runAfter":{},"metadata":{"operationMetadataId":"065815f9-bb43-4af8-a128-7ecc311ba7b3"},"type":"OpenApiConnection","inputs":{"host":{"apiId":"/providers/Microsoft.PowerApps/apis/shared_office365","connectionName":"shared_office365","operationId":"SendEmailV2"},"parameters":{"emailMessage/To":"@outputs('Get_response_details')?['body/r9168f1375c6a471796e76d43a791a97e']","emailMessage/Subject":"QTMP Document Approval - Invalid Approval ID","emailMessage/Body":"<p>Hi,<br>\n<br>\nYour Approval ID @{outputs('Add_a_row_into_a_table')?['body/Please enter your QTMP Document Approval ID']} has failed validation, it is already in use.<br>\n<br>\nPlease double check your entered approval ID.<br>\n<br>\nIf you need a new number, please follow the link to request a new ID - https://forms.office.com/r/RbXHdSyWDX<br>\n<br>\nIf you need support, please contact kingsley.moore@downergroup.com<br>\n<br>\nRegards,<br>\nQTMP Data Digitalisation Team</p>","emailMessage/Importance":"Normal"},"authentication":"@parameters('$authentication')"}},"Terminate_2":{"runAfter":{"Send_an_email_(V2)_2":["Succeeded"]},"metadata":{"operationMetadataId":"71af4b41-7fca-4b56-b814-4aef6d152ac0"},"type":"Terminate","inputs":{"runStatus":"Failed","runError":{"code":"Invaild Approval ID","message":"Invaild Approval ID"}}}},"runAfter":{"Add_a_row_into_a_table":["Succeeded"]},"expression":{"equals":["@outputs('Add_a_row_into_a_table')?['body/ID Validation']","IN USE"]},"metadata":{"operationMetadataId":"68dc3481-2132-48cb-bb07-58219ad6b2cc"},"type":"If"}},"outputs":{}},"connectionReferences":{"shared_microsoftforms":{"connectionName":"shared-microsoftform-6846173e-6c7d-4a86-9fac-7fc8d8b9bda6","source":"Embedded","id":"/providers/Microsoft.PowerApps/apis/shared_microsoftforms","tier":"NotSpecified"},"shared_sharepointonline_1":{"connectionName":"shared-sharepointonl-240f058c-aae6-4480-99d8-efe5cbfe742c","source":"Embedded","id":"/providers/Microsoft.PowerApps/apis/shared_sharepointonline","tier":"NotSpecified"},"shared_onedriveforbusiness":{"connectionName":"shared-onedriveforbu-9b5acff7-bb7c-4db5-bd6a-5de139352bde","source":"Embedded","id":"/providers/Microsoft.PowerApps/apis/shared_onedriveforbusiness","tier":"NotSpecified"},"shared_excelonlinebusiness":{"connectionName":"shared-excelonlinebu-8571f24c-fbac-419b-a4c1-d18395da44fe","source":"Embedded","id":"/providers/Microsoft.PowerApps/apis/shared_excelonlinebusiness","tier":"NotSpecified"},"shared_office365":{"connectionName":"shared-office365-1c202798-d539-4432-8894-38f5ad4af43d","source":"Embedded","id":"/providers/Microsoft.PowerApps/apis/shared_office365","tier":"NotSpecified"}},"flowFailureAlertSubscribed":false,"isManaged":false}}